{"True Label": 3, "Predicted Label": 3, "Cache Hit": 6942, "Total Query": 7222, "Coverage": 0.9612295762946552}
{"True Label": 6, "Predicted Label": 6, "Cache Hit": 8786, "Total Query": 9410, "Coverage": 0.9336875664187035}
{"True Label": 1, "Predicted Label": 1, "Cache Hit": 4900, "Total Query": 5870, "Coverage": 0.8347529812606473}
{"True Label": 1, "Predicted Label": 3, "Cache Hit": 161, "Total Query": 326, "Coverage": 0.4938650306748466}
{"True Label": 1, "Predicted Label": 1, "Cache Hit": 14800, "Total Query": 15058, "Coverage": 0.9828662504980741}
{"True Label": 3, "Predicted Label": 3, "Cache Hit": 4072, "Total Query": 4290, "Coverage": 0.9491841491841492}
{"True Label": 9, "Predicted Label": 9, "Cache Hit": 4041, "Total Query": 4290, "Coverage": 0.941958041958042}
{"True Label": 5, "Predicted Label": 5, "Cache Hit": 15747, "Total Query": 15995, "Coverage": 0.9844951547358549}
{"True Label": 2, "Predicted Label": 2, "Cache Hit": 4069, "Total Query": 4290, "Coverage": 0.9484848484848485}
{"True Label": 9, "Predicted Label": 9, "Cache Hit": 4046, "Total Query": 4290, "Coverage": 0.9431235431235431}
{"True Label": 2, "Predicted Label": 2, "Cache Hit": 4041, "Total Query": 4290, "Coverage": 0.941958041958042}
{"True Label": 8, "Predicted Label": 8, "Cache Hit": 4043, "Total Query": 4290, "Coverage": 0.9424242424242424}
{"True Label": 3, "Predicted Label": 3, "Cache Hit": 13314, "Total Query": 13715, "Coverage": 0.9707619394823186}
{"True Label": 8, "Predicted Label": 8, "Cache Hit": 14148, "Total Query": 14566, "Coverage": 0.9713030344638198}
{"True Label": 2, "Predicted Label": 2, "Cache Hit": 4076, "Total Query": 4290, "Coverage": 0.9501165501165502}
{"True Label": 4, "Predicted Label": 4, "Cache Hit": 4041, "Total Query": 4290, "Coverage": 0.941958041958042}
{"True Label": 5, "Predicted Label": 5, "Cache Hit": 4041, "Total Query": 4290, "Coverage": 0.941958041958042}
{"True Label": 0, "Predicted Label": 0, "Cache Hit": 7482, "Total Query": 7733, "Coverage": 0.9675417043838096}
{"True Label": 3, "Predicted Label": 3, "Cache Hit": 11460, "Total Query": 11713, "Coverage": 0.9784000683001793}
{"True Label": 1, "Predicted Label": 1, "Cache Hit": 15315, "Total Query": 15540, "Coverage": 0.9855212355212355}
{"True Label": 7, "Predicted Label": 7, "Cache Hit": 6010, "Total Query": 6270, "Coverage": 0.9585326953748007}
{"True Label": 7, "Predicted Label": 7, "Cache Hit": 54623, "Total Query": 74751, "Coverage": 0.730732699228104}
{"True Label": 5, "Predicted Label": 5, "Cache Hit": 6942, "Total Query": 7220, "Coverage": 0.9614958448753462}
{"True Label": 7, "Predicted Label": 7, "Cache Hit": 4041, "Total Query": 4290, "Coverage": 0.941958041958042}
{"True Label": 9, "Predicted Label": 9, "Cache Hit": 3125, "Total Query": 3340, "Coverage": 0.9356287425149701}
{"True Label": 7, "Predicted Label": 7, "Cache Hit": 15065, "Total Query": 15348, "Coverage": 0.9815611154547824}
{"True Label": 1, "Predicted Label": 5, "Cache Hit": 161, "Total Query": 326, "Coverage": 0.4938650306748466}
{"True Label": 9, "Predicted Label": 9, "Cache Hit": 4073, "Total Query": 4290, "Coverage": 0.9494172494172494}
{"True Label": 2, "Predicted Label": 2, "Cache Hit": 4056, "Total Query": 4290, "Coverage": 0.9454545454545454}
{"True Label": 1, "Predicted Label": 4, "Cache Hit": 162, "Total Query": 313, "Coverage": 0.5175718849840255}
{"True Label": 4, "Predicted Label": 4, "Cache Hit": 6048, "Total Query": 6911, "Coverage": 0.8751266097525684}
{"True Label": 2, "Predicted Label": 2, "Cache Hit": 4046, "Total Query": 4290, "Coverage": 0.9431235431235431}
{"True Label": 9, "Predicted Label": 9, "Cache Hit": 13749, "Total Query": 14175, "Coverage": 0.96994708994709}
{"True Label": 2, "Predicted Label": 2, "Cache Hit": 4044, "Total Query": 4290, "Coverage": 0.9426573426573427}
{"True Label": 0, "Predicted Label": 0, "Cache Hit": 4079, "Total Query": 4290, "Coverage": 0.9508158508158508}
{"True Label": 4, "Predicted Label": 4, "Cache Hit": 7614, "Total Query": 8422, "Coverage": 0.9040607931607694}
{"True Label": 9, "Predicted Label": 9, "Cache Hit": 4085, "Total Query": 4290, "Coverage": 0.9522144522144522}
{"True Label": 1, "Predicted Label": 1, "Cache Hit": 4176, "Total Query": 4266, "Coverage": 0.9789029535864979}
{"True Label": 4, "Predicted Label": 4, "Cache Hit": 11162, "Total Query": 11431, "Coverage": 0.9764675006561105}
{"True Label": 8, "Predicted Label": 8, "Cache Hit": 2001, "Total Query": 2210, "Coverage": 0.9054298642533937}
{"True Label": 1, "Predicted Label": 1, "Cache Hit": 2707, "Total Query": 3916, "Coverage": 0.6912665985699693}
{"True Label": 8, "Predicted Label": 8, "Cache Hit": 4144, "Total Query": 4290, "Coverage": 0.965967365967366}
{"True Label": 4, "Predicted Label": 4, "Cache Hit": 4130, "Total Query": 4290, "Coverage": 0.9627039627039627}
{"True Label": 5, "Predicted Label": 5, "Cache Hit": 4078, "Total Query": 4290, "Coverage": 0.9505827505827505}
{"True Label": 9, "Predicted Label": 9, "Cache Hit": 4071, "Total Query": 4290, "Coverage": 0.948951048951049}
{"True Label": 8, "Predicted Label": 8, "Cache Hit": 22183, "Total Query": 26860, "Coverage": 0.8258749069247953}
{"True Label": 8, "Predicted Label": 8, "Cache Hit": 4053, "Total Query": 4290, "Coverage": 0.9447552447552447}
{"True Label": 3, "Predicted Label": 3, "Cache Hit": 4041, "Total Query": 4290, "Coverage": 0.941958041958042}
{"True Label": 7, "Predicted Label": 7, "Cache Hit": 8930, "Total Query": 9276, "Coverage": 0.9626994394135403}
{"True Label": 6, "Predicted Label": 6, "Cache Hit": 13035, "Total Query": 15960, "Coverage": 0.8167293233082706}
{"True Label": 0, "Predicted Label": 0, "Cache Hit": 4041, "Total Query": 4290, "Coverage": 0.941958041958042}
{"True Label": 0, "Predicted Label": 0, "Cache Hit": 36606, "Total Query": 39537, "Coverage": 0.9258669094771985}
{"True Label": 3, "Predicted Label": 3, "Cache Hit": 7444, "Total Query": 7697, "Coverage": 0.9671300506690919}
{"True Label": 0, "Predicted Label": 0, "Cache Hit": 8746, "Total Query": 9290, "Coverage": 0.9414424111948332}
{"True Label": 2, "Predicted Label": 2, "Cache Hit": 4041, "Total Query": 4290, "Coverage": 0.941958041958042}
{"True Label": 6, "Predicted Label": 6, "Cache Hit": 4023, "Total Query": 4273, "Coverage": 0.9414930961853498}
{"True Label": 4, "Predicted Label": 4, "Cache Hit": 3901, "Total Query": 4157, "Coverage": 0.9384171277363483}
{"True Label": 9, "Predicted Label": 9, "Cache Hit": 15887, "Total Query": 16140, "Coverage": 0.9843246592317224}
{"True Label": 3, "Predicted Label": 3, "Cache Hit": 4068, "Total Query": 4290, "Coverage": 0.9482517482517483}
{"True Label": 3, "Predicted Label": 3, "Cache Hit": 3876, "Total Query": 4134, "Coverage": 0.9375907111756169}
{"True Label": 2, "Predicted Label": 2, "Cache Hit": 6438, "Total Query": 6706, "Coverage": 0.9600357888458098}
{"True Label": 3, "Predicted Label": 3, "Cache Hit": 4045, "Total Query": 4290, "Coverage": 0.9428904428904429}
{"True Label": 9, "Predicted Label": 9, "Cache Hit": 4045, "Total Query": 4290, "Coverage": 0.9428904428904429}
{"True Label": 1, "Predicted Label": 1, "Cache Hit": 5013, "Total Query": 5338, "Coverage": 0.9391157736980142}
{"True Label": 2, "Predicted Label": 2, "Cache Hit": 4113, "Total Query": 4290, "Coverage": 0.9587412587412587}
{"True Label": 6, "Predicted Label": 6, "Cache Hit": 4044, "Total Query": 4290, "Coverage": 0.9426573426573427}
{"True Label": 8, "Predicted Label": 8, "Cache Hit": 4041, "Total Query": 4290, "Coverage": 0.941958041958042}
{"True Label": 0, "Predicted Label": 0, "Cache Hit": 4042, "Total Query": 4290, "Coverage": 0.9421911421911422}
{"True Label": 5, "Predicted Label": 5, "Cache Hit": 4097, "Total Query": 4290, "Coverage": 0.955011655011655}
{"True Label": 6, "Predicted Label": 6, "Cache Hit": 4041, "Total Query": 4290, "Coverage": 0.941958041958042}
{"True Label": 6, "Predicted Label": 6, "Cache Hit": 4041, "Total Query": 4290, "Coverage": 0.941958041958042}
{"True Label": 6, "Predicted Label": 6,